GSTIN,Supplier Name,Invoice Number,Invoice Date,Taxable Value,IGST,CGST,SGST
06AAACA1234B1ZK,Arvind Steel Industries,ASI/26-27/0101,2026-07-03,185000.00,33300.00,0.00,0.00
07AABCP5678C1ZQ,Prakash Packaging Pvt Ltd,PPL/26-27/0338,2026-07-04,42500.00,0.00,3825.00,3825.00
07AADCS9012D1ZT,Sunrise Logistics Services,SLS/26-27/0770,2026-07-08,36000.00,0.00,3240.00,3240.00
09AAFCN3456E1ZW,Neha Electricals & Cables,NEC/26-27/0441,2026-07-11,97500.00,17550.00,0.00,0.00
24AAACO7890F1ZB,Om Chemicals Ltd,OCL/26-27/0215,2026-07-15,128000.00,23040.00,0.00,0.00
06AAACA1234B1ZK,Arvind Steel Industries,ASI/26-27/0112,2026-07-21,240000.00,40320.00,0.00,0.00
07AABCP5678C1ZQ,Prakash Packaging Pvt Ltd,PPL/26-27/0345,2026-07-28,85000.00,0.00,6800.00,6800.00
07AADCS9012D1ZT,Sunrise Logistics Services,SLS/26-27/0781,2026-08-02,102000.00,0.00,9180.00,9180.00
24AAACO7890F1ZB,Om Chemicals Ltd,OCL/26-27/0223,2026-08-09,54000.00,9720.00,0.00,0.00
06AAACA1234B1ZK,Arvind Steel Industries,ASI/26-27/0131,2026-08-12,110000.00,19800.00,0.00,0.00
07AABCP5678C1ZQ,Prakash Packaging Pvt Ltd,PPL/26-27/360,2026-08-14,61200.00,0.00,5508.00,5508.00
07AADCS9012D1ZT,Sunrise Logistics Services,SLS/26-27/0795,2026-08-19,48000.00,0.00,4320.00,4320.00
09AAFCN3456E1ZW,Neha Electricals & Cables,NEC/26-27/0470,2026-08-22,152000.00,27360.00,0.00,0.00
24AAACO7890F1ZB,Om Chemicals Ltd,OCL/26-27/0231,2026-08-27,76500.00,13770.00,0.00,0.00
06AAACA1234B1ZK,Arvind Steel Industries,ASI/26-27/0144,2026-09-02,198000.00,35640.00,0.00,0.00
07AABCP5678C1ZQ,Prakash Packaging Pvt Ltd,PPL/26-27/0372,2026-09-05,39800.00,0.00,3582.00,3582.00
07AADCS9012D1ZT,Sunrise Logistics Services,SLS/26-27/0806,2026-09-09,52500.00,0.00,4725.00,4725.00
09AAFCN3456E1ZW,Neha Electricals & Cables,NEC/26-27/0483,2026-09-12,88000.00,15840.00,0.00,0.00
24AAACO7890F1ZB,Om Chemicals Ltd,OCL/26-27/0240,2026-09-16,143500.00,25830.00,0.00,0.00
06AAACA1234B1ZK,Arvind Steel Industries,ASI/26-27/0151,2026-09-19,167000.00,30060.00,0.00,0.00
07AABCP5678C1ZQ,Prakash Packaging Pvt Ltd,PPL/26-27/0381,2026-09-24,58000.00,0.00,5220.00,5220.00
07AADCS9012D1ZT,Sunrise Logistics Services,SLS/26-27/0817,2026-09-27,44000.00,0.00,3960.00,3960.00
