Supplier Name,Supplier GSTIN,Invoice No,Invoice Date,Taxable Value,CGST,SGST,IGST,Category
Arvind Steel Industries,06AAACA1234B1ZK,ASI/26-27/0101,2026-07-03,185000.00,0.00,0.00,33300.00,Steel & alloys
Prakash Packaging Pvt Ltd,07AABCP5678C1ZQ,PPL/26-27/0338,2026-07-04,42500.00,3825.00,3825.00,0.00,Packaging
Sunrise Logistics Services,07AADCS9012D1ZT,SLS/26-27/0770,2026-07-08,36000.00,3240.00,3240.00,0.00,Freight services
Neha Electricals & Cables,09AAFCN3456E1ZW,NEC/26-27/0441,2026-07-11,97500.00,0.00,0.00,17550.00,Electrical components
Om Chemicals Ltd,24AAACO7890F1ZB,OCL/26-27/0215,2026-07-15,128000.00,0.00,0.00,23040.00,Industrial chemicals
Arvind Steel Industries,06AAACA1234B1ZK,ASI/26-27/0112,2026-07-21,240000.00,0.00,0.00,43200.00,Steel & alloys
Prakash Packaging Pvt Ltd,07AABCP5678C1ZQ,PPL/26-27/0345,2026-07-28,85000.00,7650.00,7650.00,0.00,Packaging
Sunrise Logistics Services,07AADCS9012D1ZT,SLS/26-27/0781,2026-08-02,120000.00,10800.00,10800.00,0.00,Freight services
Neha Electricals & Cables,09AAFCN3456E1ZW,NEC/26-27/0456,2026-08-05,68500.00,0.00,0.00,12330.00,Electrical components
Om Chemicals Ltd,24AAACO7890F1ZB,OCL/26-27/0223,2026-08-09,54000.00,0.00,0.00,9720.00,Industrial chemicals
Om Chemicals Ltd,24AAACO7890F1ZB,OCL/26-27/0223,2026-08-09,54000.00,0.00,0.00,9720.00,Industrial chemicals
Arvind Steel Industries,06AAACA1234B1ZK,ASI/26-27/0130,2026-08-12,110000.00,0.00,0.00,19800.00,Steel & alloys
Prakash Packaging Pvt Ltd,07AABCP5678C1ZQ,PPL-26-27-0360,2026-08-14,61200.00,5508.00,5508.00,0.00,Packaging
Sunrise Logistics Services,07AADCS9012D1ZT,SLS/26-27/0795,2026-08-19,48000.00,4320.00,4320.00,0.00,Freight services
Neha Electricals & Cables,09AAFCN3456E1ZW,NEC/26-27/0470,2026-08-22,152000.00,0.00,0.00,27360.00,Electrical components
Om Chemicals Ltd,24AAACO7890F1ZB,OCL/26-27/0231,2026-08-27,76500.00,0.00,0.00,13770.00,Industrial chemicals
Arvind Steel Industries,06AAACA1234B1ZK,ASI/26-27/0144,2026-09-02,198000.00,0.00,0.00,35640.00,Steel & alloys
Prakash Packaging Pvt Ltd,07AABCP5678C1ZQ,PPL/26-27/0372,2026-09-05,39800.00,3582.00,3582.00,0.00,Packaging
Sunrise Logistics Services,07AADCS9012D1ZT,SLS/26-27/0806,2026-09-09,52500.00,4725.00,4725.00,0.00,Freight services
Neha Electricals & Cables,09AAFCN3456E1ZW,NEC/26-27/0483,2026-09-12,88000.00,0.00,0.00,15840.00,Electrical components
Om Chemicals Ltd,24AAACO7890F1ZB,OCL/26-27/0240,2026-09-16,143500.00,0.00,0.00,25830.00,Industrial chemicals
Arvind Steel Industries,06AAACA1234B1ZK,ASI/26-27/0151,2026-09-19,167000.00,0.00,0.00,30060.00,Steel & alloys
Prakash Packaging Pvt Ltd,07AABCP5678C1ZQ,PPL/26-27/0381,2026-09-24,58000.00,5220.00,5220.00,0.00,Packaging
Sunrise Logistics Services,07AADCS9012D1ZT,SLS/26-27/0817,2026-09-27,44000.00,3960.00,3960.00,0.00,Freight services
